ID,Temp,pH,Dilution,Rate,GDGT.0,GDGT.1,GDGT.2,GDGT.3,GDGT.4,GDGT.Cren,GDGT.Cren.',GDGT.5,GDGT.6,GDGT.7,GDGT.8,RI
1,28,7.6,Slow,0.014084507,0.18,0.09,0.18,0.11,0.09,0.22,0.13,0,0,0,0,2.89
2,28,7.6,Middle,0.033333333,0.19,0.11,0.2,0.09,0.16,0.23,0.03,0,0,0,0,2.693069307
3,28,7.6,Fast,0.045454545,0.23,0.11,0.15,0.13,0.17,0.19,0.02,0,0,0,0,2.53
